,Solvers/Lingeling_wrapper_sparkle,Solvers/CSCCSat_wrapper_sparkle
Instances/Sparkle_sc2012_random_sc2014_crafted_instances/unif-k4-r9.0-v10000-c90000-S5948099134063087060.cnf,600.0,0.01
Instances/Sparkle_sc2012_random_sc2014_crafted_instances/mrpp_4x4#8_12.cnf,0.02,600.0
Instances/Sparkle_sc2012_random_sc2014_crafted_instances/unif-k4-r9.0-v10000-c90000-S7738429803099775103.cnf,600.0,0.02
Instances/Sparkle_sc2012_random_sc2014_crafted_instances/mrpp_4x4#6_12.cnf,0.01,600.0
Instances/Sparkle_sc2012_random_sc2014_crafted_instances/mrpp_6x6#10_10.cnf,1.08,600.0
Instances/Sparkle_sc2012_random_sc2014_crafted_instances/unif-k4-r9.0-v10000-c90000-S8511499021078403038.cnf,600.0,0.02
Instances/Sparkle_sc2012_random_sc2014_crafted_instances/unif-k4-r9.0-v10000-c90000-S8276471635928587508.cnf,600.0,0.02
Instances/Sparkle_sc2012_random_sc2014_crafted_instances/unif-k4-r9.0-v10000-c90000-S2418937076179501186.cnf,600.0,0.01
Instances/Sparkle_sc2012_random_sc2014_crafted_instances/unif-k4-r9.0-v10000-c90000-S4321789910439325898.cnf,600.0,0.02
Instances/Sparkle_sc2012_random_sc2014_crafted_instances/unif-k4-r9.0-v10000-c90000-S7319890117656252687.cnf,600.0,0.02
Instances/Sparkle_sc2012_random_sc2014_crafted_instances/mrpp_6x6#10_12.cnf,1.88,600.0
Instances/Sparkle_sc2012_random_sc2014_crafted_instances/mrpp_4x4#4_24.cnf,1.38,0.02
Instances/Sparkle_sc2012_random_sc2014_crafted_instances/mrpp_4x4#8_16.cnf,1.27,600.0
Instances/Sparkle_sc2012_random_sc2014_crafted_instances/mrpp_4x4#6_6.cnf,0.02,600.0
Instances/Sparkle_sc2012_random_sc2014_crafted_instances/mrpp_4x4#6_20.cnf,0.98,600.0
Instances/Sparkle_sc2012_random_sc2014_crafted_instances/unif-k4-r9.0-v10000-c90000-S469707379922614060.cnf,600.0,0.02
Instances/Sparkle_sc2012_random_sc2014_crafted_instances/unif-k4-r9.0-v10000-c90000-S8363558384409649250.cnf,600.0,0.01
Instances/Sparkle_sc2012_random_sc2014_crafted_instances/mrpp_4x4#8_7.cnf,0.02,600.0
Instances/Sparkle_sc2012_random_sc2014_crafted_instances/unif-k4-r9.0-v10000-c90000-S6269060305372796990.cnf,600.0,0.0
Instances/Sparkle_sc2012_random_sc2014_crafted_instances/mrpp_4x4#8_24.cnf,2.48,600.0
