,Solvers/PbO-CCSAT-CBMC,Solvers/PbO-CCSAT-FAC,Solvers/PbO-CCSAT-FCC,Solvers/PbO-CCSAT-modgen,Solvers/PbO-CCSAT-mp1-9,Solvers/PbO-CCSAT-PTN,Solvers/PbO-CCSAT-SMT-QF-BV
Instances/PTN-7824_Train/Ptn-7824-b11.cnf,460.16,4.44,18.96,4.12,50000.0,0.91,1.42
Instances/PTN-7824_Train/Ptn-7824-b19.cnf,20.42,0.0,4.51,0.41,624.11,0.0,0.57
Instances/PTN-7824_Train/Ptn-7824-b17.cnf,50.77,0.0,4.39,3.97,1490.73,0.0,1.74
Instances/PTN-7824_Train/Ptn-7824-b08.cnf,96.72,3.18,4.09,8.5,50000.0,0.0,13.1
Instances/PTN-7824_Train/Ptn-7824-b02.cnf,1366.02,82.18,265.03,101.59,50000.0,5.52,89.91
Instances/PTN-7824_Train/Ptn-7824-b05.cnf,168.21,7.29,237.4,58.99,50000.0,3.11,57.68
Instances/PTN-7824_Train/bce7824.cnf,50000.0,164.62,148.99,155.79,50000.0,24.78,144.52
Instances/PTN-7824_Train/Ptn-7824-b03.cnf,4429.81,10.82,221.24,98.49,50000.0,1.47,6.17
Instances/PTN-7824_Train/Ptn-7824-b12.cnf,86.77,0.0,6.57,5.61,50000.0,0.86,8.96
Instances/PTN-7824_Train/Ptn-7824-b15.cnf,15.57,0.99,28.82,3.0,3986.3,0.0,2.09
Instances/PTN-7824_Train/Ptn-7824-b20.cnf,6.18,0.2,5.7,1.02,121.21,0.01,0.4
