,Solvers/PbO-CCSAT-CBMC,Solvers/PbO-CCSAT-FAC,Solvers/PbO-CCSAT-FCC,Solvers/PbO-CCSAT-modgen,Solvers/PbO-CCSAT-mp1-9,Solvers/PbO-CCSAT-PTN,Solvers/PbO-CCSAT-SMT-QF-BV
Instances/PTN-7824_Train/Ptn-7824-b11.cnf,600.0,4.75,19.84,4.14,600.0,1.07,1.34
Instances/PTN-7824_Train/Ptn-7824-b19.cnf,21.36,0.0,4.92,0.13,600.0,0.01,0.01
Instances/PTN-7824_Train/Ptn-7824-b17.cnf,53.16,0.01,4.46,3.75,600.0,0.26,1.77
Instances/PTN-7824_Train/Ptn-7824-b08.cnf,600.0,3.31,4.3,8.41,600.0,0.01,13.06
Instances/PTN-7824_Train/Ptn-7824-b02.cnf,600.0,600.0,600.0,600.0,600.0,5.58,600.0
Instances/PTN-7824_Train/Ptn-7824-b05.cnf,600.0,7.47,600.0,600.0,600.0,2.88,57.22
Instances/PTN-7824_Train/bce7824.cnf,600.0,600.0,600.0,600.0,600.0,25.16,600.0
Instances/PTN-7824_Train/Ptn-7824-b03.cnf,600.0,10.27,600.0,600.0,600.0,1.27,6.28
Instances/PTN-7824_Train/Ptn-7824-b12.cnf,600.0,0.78,6.46,6.08,600.0,0.0,9.19
Instances/PTN-7824_Train/Ptn-7824-b15.cnf,16.77,1.06,27.14,2.96,600.0,0.0,1.58
Instances/PTN-7824_Train/Ptn-7824-b20.cnf,5.6,0.0,4.89,0.0,600.0,0.0,0.0
