,nvarsOrig__@@SPARKLE@@__SAT-features-competition2012_sparkle,nclausesOrig__@@SPARKLE@@__SAT-features-competition2012_sparkle,nvars__@@SPARKLE@@__SAT-features-competition2012_sparkle,nclauses__@@SPARKLE@@__SAT-features-competition2012_sparkle,reducedVars__@@SPARKLE@@__SAT-features-competition2012_sparkle,reducedClauses__@@SPARKLE@@__SAT-features-competition2012_sparkle,Pre-featuretime__@@SPARKLE@@__SAT-features-competition2012_sparkle,vars-clauses-ratio__@@SPARKLE@@__SAT-features-competition2012_sparkle,POSNEG-RATIO-CLAUSE-mean__@@SPARKLE@@__SAT-features-competition2012_sparkle,POSNEG-RATIO-CLAUSE-coeff-variation__@@SPARKLE@@__SAT-features-competition2012_sparkle,POSNEG-RATIO-CLAUSE-min__@@SPARKLE@@__SAT-features-competition2012_sparkle,POSNEG-RATIO-CLAUSE-max__@@SPARKLE@@__SAT-features-competition2012_sparkle,POSNEG-RATIO-CLAUSE-entropy__@@SPARKLE@@__SAT-features-competition2012_sparkle,VCG-CLAUSE-mean__@@SPARKLE@@__SAT-features-competition2012_sparkle,VCG-CLAUSE-coeff-variation__@@SPARKLE@@__SAT-features-competition2012_sparkle,VCG-CLAUSE-min__@@SPARKLE@@__SAT-features-competition2012_sparkle,VCG-CLAUSE-max__@@SPARKLE@@__SAT-features-competition2012_sparkle,VCG-CLAUSE-entropy__@@SPARKLE@@__SAT-features-competition2012_sparkle,UNARY__@@SPARKLE@@__SAT-features-competition2012_sparkle,BINARY+__@@SPARKLE@@__SAT-features-competition2012_sparkle,TRINARY+__@@SPARKLE@@__SAT-features-competition2012_sparkle,Basic-featuretime__@@SPARKLE@@__SAT-features-competition2012_sparkle,VCG-VAR-mean__@@SPARKLE@@__SAT-features-competition2012_sparkle,VCG-VAR-coeff-variation__@@SPARKLE@@__SAT-features-competition2012_sparkle,VCG-VAR-min__@@SPARKLE@@__SAT-features-competition2012_sparkle,VCG-VAR-max__@@SPARKLE@@__SAT-features-competition2012_sparkle,VCG-VAR-entropy__@@SPARKLE@@__SAT-features-competition2012_sparkle,POSNEG-RATIO-VAR-mean__@@SPARKLE@@__SAT-features-competition2012_sparkle,POSNEG-RATIO-VAR-stdev__@@SPARKLE@@__SAT-features-competition2012_sparkle,POSNEG-RATIO-VAR-min__@@SPARKLE@@__SAT-features-competition2012_sparkle,POSNEG-RATIO-VAR-max__@@SPARKLE@@__SAT-features-competition2012_sparkle,POSNEG-RATIO-VAR-entropy__@@SPARKLE@@__SAT-features-competition2012_sparkle,HORNY-VAR-mean__@@SPARKLE@@__SAT-features-competition2012_sparkle,HORNY-VAR-coeff-variation__@@SPARKLE@@__SAT-features-competition2012_sparkle,HORNY-VAR-min__@@SPARKLE@@__SAT-features-competition2012_sparkle,HORNY-VAR-max__@@SPARKLE@@__SAT-features-competition2012_sparkle,HORNY-VAR-entropy__@@SPARKLE@@__SAT-features-competition2012_sparkle,horn-clauses-fraction__@@SPARKLE@@__SAT-features-competition2012_sparkle,VG-mean__@@SPARKLE@@__SAT-features-competition2012_sparkle,VG-coeff-variation__@@SPARKLE@@__SAT-features-competition2012_sparkle,VG-min__@@SPARKLE@@__SAT-features-competition2012_sparkle,VG-max__@@SPARKLE@@__SAT-features-competition2012_sparkle,KLB-featuretime__@@SPARKLE@@__SAT-features-competition2012_sparkle,CG-mean__@@SPARKLE@@__SAT-features-competition2012_sparkle,CG-coeff-variation__@@SPARKLE@@__SAT-features-competition2012_sparkle,CG-min__@@SPARKLE@@__SAT-features-competition2012_sparkle,CG-max__@@SPARKLE@@__SAT-features-competition2012_sparkle,CG-entropy__@@SPARKLE@@__SAT-features-competition2012_sparkle,cluster-coeff-mean__@@SPARKLE@@__SAT-features-competition2012_sparkle,cluster-coeff-coeff-variation__@@SPARKLE@@__SAT-features-competition2012_sparkle,cluster-coeff-min__@@SPARKLE@@__SAT-features-competition2012_sparkle,cluster-coeff-max__@@SPARKLE@@__SAT-features-competition2012_sparkle,cluster-coeff-entropy__@@SPARKLE@@__SAT-features-competition2012_sparkle,CG-featuretime__@@SPARKLE@@__SAT-features-competition2012_sparkle
Instances/Sparkle_sc2012_random_sc2014_crafted_instances/unif-k4-r9.0-v10000-c90000-S5948099134063087060.cnf,10000.0,90000.0,10000.0,90000.0,0.0,0.0,0.2,0.111111111,0.375005556,0.885095516,0.0,1.0,0.9769479,0.0004,0.0,0.0004,0.0004,-0.0,0.0,0.0,0.0,0.02,0.0004,0.166815212,0.000166667,0.000666667,3.207402529,0.134814377,0.103267204,0.0,0.68,3.469115277,0.000124276,0.298272017,1.1111e-05,0.0003,2.613647944,0.310688889,0.001193362,0.166038086,0.0005,0.001988889,0.24,-1.0,-0.0,-1.0,0.0,-512.0,-1.0,-0.0,-1.0,0.0,-0.0,20.02
Instances/Sparkle_sc2012_random_sc2014_crafted_instances/mrpp_4x4#8_12.cnf,2672.0,16979.0,1200.0,12008.0,1.226666667,0.413974017,0.04,0.099933378,0.416180879,0.750534861,0.0,1.0,1.822224772,0.00320689,0.250845067,0.001666667,0.005,1.361774198,0.0,0.075866089,0.377581612,-0.0,0.00320689,0.610055779,0.000582945,0.007328448,3.503620273,0.286572046,0.159341873,0.0,0.724137931,3.525272715,0.000835554,0.479568998,0.000166556,0.001832112,2.643693443,0.334693538,0.00293013,0.312060972,0.000416389,0.004746835,0.02,0.005715169,0.416345943,0.000333111,0.013491006,4.522546582,0.373870796,0.286982574,0.082352941,0.888888889,3.641090964,2.0
Instances/Sparkle_sc2012_random_sc2014_crafted_instances/unif-k4-r9.0-v10000-c90000-S7738429803099775103.cnf,10000.0,90000.0,10000.0,90000.0,0.0,0.0,0.18,0.111111111,0.373461111,0.883295287,0.0,1.0,0.972040266,0.0004,0.0,0.0004,0.0004,-0.0,0.0,0.0,0.0,0.0,0.0004,0.168695522,0.000177778,0.000655556,3.217846706,0.136611606,0.10274864,0.0,0.62962963,3.47208518,0.000125587,0.30043954,1.1111e-05,0.0003,2.630325091,0.313966667,0.001193602,0.167903274,0.000533333,0.001966667,0.22,-1.0,-0.0,-1.0,0.0,-512.0,-1.0,-0.0,-1.0,0.0,-0.0,20.02
Instances/Sparkle_sc2012_random_sc2014_crafted_instances/mrpp_4x4#6_12.cnf,2468.0,13204.0,1046.0,9792.0,1.359464627,0.348447712,0.04,0.106821895,0.421323529,0.745739549,0.0,1.0,1.812741573,0.003695997,0.232073182,0.001912046,0.005736138,1.291624296,0.0,0.041768791,0.372855392,-0.0,0.003695997,0.518239011,0.001123366,0.007352941,3.301464971,0.255303188,0.15582315,0.0,0.661971831,3.51226257,0.000966274,0.455252492,0.000204248,0.002042484,2.585064928,0.326184641,0.003295897,0.278161652,0.001021242,0.004799837,-0.0,0.006296386,0.368870736,0.000612745,0.013378268,4.331320209,0.372699791,0.258210281,0.10591133,0.888888889,3.54500029,1.3
Instances/Sparkle_sc2012_random_sc2014_crafted_instances/mrpp_6x6#10_10.cnf,4931.0,32639.0,2144.0,22792.0,1.299906716,0.432037557,0.14,0.094068094,0.399552475,0.766262522,0.0,1.0,1.820355975,0.001818215,0.239511974,0.000932836,0.002798507,1.333202117,0.0,0.054580555,0.356221481,-0.0,0.001818215,0.566540801,0.000351,0.003948754,3.776420356,0.262738809,0.158526651,0.0,0.741176471,3.752499291,0.000452707,0.460399304,8.775e-05,0.000965251,2.671355345,0.314408564,0.001642981,0.276555095,0.000219375,0.002544753,0.02,0.003172559,0.386355384,0.0001755,0.007327132,4.582965953,0.373012591,0.27393727,0.048625793,0.679955703,3.56837648,4.12
Instances/Sparkle_sc2012_random_sc2014_crafted_instances/unif-k4-r9.0-v10000-c90000-S8511499021078403038.cnf,10000.0,90000.0,10000.0,90000.0,0.0,0.0,0.28,0.111111111,0.376772222,0.877828679,0.0,1.0,0.974823388,0.0004,0.0,0.0004,0.0004,-0.0,0.0,0.0,0.0,0.02,0.0004,0.166161271,0.000166667,0.000666667,3.203844985,0.136234161,0.10536,0.0,0.771428571,3.480444643,0.000125236,0.298356316,1.1111e-05,0.0003,2.622066191,0.313088889,0.001193678,0.165332717,0.000488889,0.001988889,0.26,-1.0,-0.0,-1.0,0.0,-512.0,-1.0,-0.0,-1.0,0.0,-0.0,20.02
Instances/Sparkle_sc2012_random_sc2014_crafted_instances/unif-k4-r9.0-v10000-c90000-S8276471635928587508.cnf,10000.0,90000.0,10000.0,90000.0,0.0,0.0,0.28,0.111111111,0.375355556,0.881841678,0.0,1.0,0.975038741,0.0004,0.0,0.0004,0.0004,-0.0,0.0,0.0,0.0,-0.0,0.0004,0.16703986,0.000188889,0.000655556,3.207522971,0.133025219,0.101287271,0.0,0.677419355,3.45577544,0.000125431,0.298703278,1.1111e-05,0.000311111,2.626344712,0.313577778,0.001193584,0.166351631,0.000566667,0.001955556,0.24,-1.0,-0.0,-1.0,0.0,-512.0,-1.0,-0.0,-1.0,0.0,-0.0,20.02
Instances/Sparkle_sc2012_random_sc2014_crafted_instances/unif-k4-r9.0-v10000-c90000-S2418937076179501186.cnf,10000.0,90000.0,10000.0,90000.0,0.0,0.0,0.22,0.111111111,0.373827778,0.887609863,0.0,1.0,0.976406607,0.0004,0.0,0.0004,0.0004,-0.0,0.0,0.0,0.0,0.02,0.0004,0.166897525,0.000166667,0.000644444,3.207488583,0.134224306,0.102690469,0.0,0.677419355,3.463341557,0.000123982,0.299185294,2.2222e-05,0.000277778,2.614261424,0.309955556,0.001193627,0.166319692,0.0005,0.001922222,0.24,-1.0,-0.0,-1.0,0.0,-512.0,-1.0,-0.0,-1.0,0.0,-0.0,20.02
Instances/Sparkle_sc2012_random_sc2014_crafted_instances/unif-k4-r9.0-v10000-c90000-S4321789910439325898.cnf,10000.0,90000.0,10000.0,90000.0,0.0,0.0,0.28,0.111111111,0.374622222,0.883590242,0.0,1.0,0.974864195,0.0004,0.0,0.0004,0.0004,-0.0,0.0,0.0,0.0,0.0,0.0004,0.165597497,0.000122222,0.000677778,3.199829847,0.132592168,0.100984921,0.0,0.636363636,3.445614428,0.000124707,0.296662841,1.1111e-05,0.000266667,2.615481518,0.311766667,0.001193633,0.164832368,0.000366667,0.002033333,0.22,-1.0,-0.0,-1.0,0.0,-512.0,-1.0,-0.0,-1.0,0.0,-0.0,20.02
Instances/Sparkle_sc2012_random_sc2014_crafted_instances/unif-k4-r9.0-v10000-c90000-S7319890117656252687.cnf,10000.0,90000.0,10000.0,90000.0,0.0,0.0,0.16,0.111111111,0.376211111,0.880087357,0.0,1.0,0.975470638,0.0004,0.0,0.0004,0.0004,-0.0,0.0,0.0,0.0,0.02,0.0004,0.167285425,0.000155556,0.000666667,3.211158035,0.135760899,0.103266554,0.0,0.7,3.464719603,0.000125591,0.298250252,1.1111e-05,0.000288889,2.627509056,0.313977778,0.001193476,0.166642436,0.000466667,0.001955556,0.22,-1.0,-0.0,-1.0,0.0,-512.0,-1.0,-0.0,-1.0,0.0,-0.0,20.02
Instances/Sparkle_sc2012_random_sc2014_crafted_instances/mrpp_6x6#10_12.cnf,5969.0,39448.0,2657.0,28505.0,1.24651863,0.383897562,0.22,0.093211717,0.398031924,0.760014954,0.0,1.0,1.822375182,0.001477413,0.235282514,0.000752729,0.002258186,1.320644237,0.0,0.045711279,0.347728469,-0.0,0.001477413,0.560982612,0.000280653,0.003157341,3.725502892,0.262622435,0.158188758,0.0,0.741176471,3.738976695,0.000365339,0.455972289,7.0163e-05,0.000771794,2.65064835,0.311138397,0.001337245,0.265636352,0.000175408,0.002034731,0.02,0.002580135,0.37464669,0.000140326,0.005858621,4.557054039,0.373485711,0.270888547,0.048625793,0.679955703,3.544180092,5.26
Instances/Sparkle_sc2012_random_sc2014_crafted_instances/mrpp_4x4#4_24.cnf,5048.0,27895.0,2217.0,21443.0,1.276950834,0.300890734,0.16,0.103390384,0.427273858,0.742176919,0.0,1.0,1.824229917,0.001748833,0.239700493,0.00090212,0.00270636,1.33097947,0.0,0.060346034,0.356853052,-0.0,0.001748833,0.498179578,0.000373082,0.003357739,3.233855527,0.26309598,0.156333639,0.0,0.661971831,3.35532293,0.00045594,0.429693837,9.3271e-05,0.001025976,2.564444653,0.332043091,0.001550765,0.251509209,0.000373082,0.002191857,0.02,0.002931786,0.359341178,0.000233176,0.00610922,4.280526336,0.373734559,0.248470863,0.111111111,0.888888889,3.481163946,2.96
Instances/Sparkle_sc2012_random_sc2014_crafted_instances/mrpp_4x4#8_16.cnf,3600.0,22931.0,1664.0,16876.0,1.163461538,0.358793553,0.1,0.098601564,0.415163546,0.746545689,0.0,1.0,1.826374485,0.002328138,0.248101033,0.001201923,0.003605769,1.35727532,0.0,0.070810619,0.366556056,-0.0,0.002328138,0.601358344,0.00041479,0.005214506,3.380216576,0.285603301,0.157693589,0.0,0.724137931,3.384268329,0.00059854,0.481093491,0.000118511,0.001303626,2.626791975,0.330350794,0.002128578,0.296502493,0.000296279,0.003377578,0.02,0.004140353,0.403042955,0.000237023,0.009599431,4.468694113,0.374253636,0.283081391,0.082352941,0.888888889,3.61347894,2.92
Instances/Sparkle_sc2012_random_sc2014_crafted_instances/mrpp_4x4#6_6.cnf,1178.0,6182.0,445.0,3930.0,1.647191011,0.57302799,0.04,0.113231552,0.43365564,0.751897949,0.0,1.0,1.77580694,0.008382651,0.243486724,0.004494382,0.013483146,1.308895831,0.0,0.068956743,0.427480916,-0.0,0.008382651,0.546429427,0.002798982,0.018320611,3.636438163,0.256251567,0.161246619,0.0,0.661971831,3.828305219,0.002314092,0.463943619,0.000508906,0.005089059,2.65148409,0.34351145,0.007356834,0.331909911,0.002544529,0.011959288,-0.0,0.014196401,0.427752551,0.001526718,0.033333333,4.461856181,0.371235414,0.27125612,0.10591133,0.888888889,3.660427917,0.54
Instances/Sparkle_sc2012_random_sc2014_crafted_instances/mrpp_4x4#6_20.cnf,4188.0,22548.0,1846.0,17576.0,1.268689057,0.282885753,0.1,0.105029586,0.417796996,0.743734822,0.0,1.0,1.821028251,0.002116547,0.227661011,0.001083424,0.003250271,1.2810622,0.0,0.03373919,0.355655439,-0.0,0.002116547,0.507980843,0.000625853,0.004096495,3.061081228,0.256039133,0.154075962,0.0,0.661971831,3.245325401,0.000545195,0.451314525,0.000113792,0.001137915,2.540163596,0.321461083,0.001897532,0.25469747,0.000568958,0.002674101,0.02,0.003606543,0.348593502,0.000341375,0.007453345,4.247104917,0.373599475,0.25334064,0.10591133,0.888888889,3.492617821,2.44
Instances/Sparkle_sc2012_random_sc2014_crafted_instances/unif-k4-r9.0-v10000-c90000-S469707379922614060.cnf,10000.0,90000.0,10000.0,90000.0,0.0,0.0,0.22,0.111111111,0.374261111,0.883728966,0.0,1.0,0.974179043,0.0004,0.0,0.0004,0.0004,-0.0,0.0,0.0,0.0,0.02,0.0004,0.166882268,0.000166667,0.000688889,3.206562821,0.134212363,0.102433759,0.0,0.75,3.460143168,0.000124467,0.294682158,2.2222e-05,0.000288889,2.600797674,0.311166667,0.001193629,0.166053053,0.0005,0.002066667,0.26,-1.0,-0.0,-1.0,0.0,-512.0,-1.0,-0.0,-1.0,0.0,-0.0,20.02
Instances/Sparkle_sc2012_random_sc2014_crafted_instances/unif-k4-r9.0-v10000-c90000-S8363558384409649250.cnf,10000.0,90000.0,10000.0,90000.0,0.0,0.0,0.3,0.111111111,0.374483333,0.879880226,0.0,1.0,0.971465057,0.0004,0.0,0.0004,0.0004,-0.0,0.0,0.0,0.0,0.02,0.0004,0.167670588,0.000177778,0.000666667,3.210914793,0.134326317,0.101981365,0.0,0.655172414,3.457735648,0.00012452,0.299105842,2.2222e-05,0.0003,2.616885838,0.3113,0.001193524,0.166920626,0.000533333,0.002,0.26,-1.0,-0.0,-1.0,0.0,-512.0,-1.0,-0.0,-1.0,0.0,-0.0,20.02
Instances/Sparkle_sc2012_random_sc2014_crafted_instances/mrpp_4x4#8_7.cnf,1512.0,9535.0,620.0,5916.0,1.438709677,0.611730899,0.06,0.104800541,0.419681091,0.766072239,0.0,1.0,1.804377599,0.006057657,0.260113031,0.003225806,0.009677419,1.374057021,0.0,0.095672752,0.416159567,0.0,0.006057657,0.638300981,0.001183232,0.014874915,3.72619344,0.290776878,0.164103913,0.0,0.724137931,3.806369569,0.001655707,0.475061107,0.000338066,0.003718729,2.68295063,0.350743746,0.005508299,0.359410942,0.000845166,0.009634888,0.0,0.010846521,0.461087294,0.000676133,0.027383367,4.637218804,0.373280047,0.299393759,0.082352941,0.888888889,3.718904598,0.92
Instances/Sparkle_sc2012_random_sc2014_crafted_instances/unif-k4-r9.0-v10000-c90000-S6269060305372796990.cnf,10000.0,90000.0,10000.0,90000.0,0.0,0.0,0.24,0.111111111,0.374166667,0.883889702,0.0,1.0,0.974102543,0.0004,0.0,0.0004,0.0004,-0.0,0.0,0.0,0.0,-0.0,0.0004,0.167080967,0.000177778,0.000677778,3.20938945,0.134153058,0.101878421,0.0,0.684210526,3.45355542,0.000125409,0.298907923,1.1111e-05,0.000333333,2.623858536,0.313522222,0.001193431,0.166381203,0.000533333,0.002011111,0.26,-1.0,-0.0,-1.0,0.0,-512.0,-1.0,-0.0,-1.0,0.0,-0.0,20.02
Instances/Sparkle_sc2012_random_sc2014_crafted_instances/mrpp_4x4#8_24.cnf,5456.0,34835.0,2592.0,26612.0,1.104938272,0.308995942,0.14,0.097399669,0.414245453,0.742882445,0.0,1.0,1.829692788,0.001503574,0.245499158,0.000771605,0.002314815,1.352548863,0.0,0.066248309,0.356606042,-0.0,0.001503574,0.593017916,0.000263039,0.003306779,3.228328107,0.284706315,0.15614653,0.0,0.724137931,3.216176049,0.000381917,0.482364203,7.5154e-05,0.000826695,2.607294665,0.326431685,0.001375476,0.281117734,0.000187885,0.002141891,0.02,0.00266782,0.390689618,0.000150308,0.006087479,4.408099297,0.374599129,0.279524514,0.082352941,0.888888889,3.585701944,4.58
